customers,averagespeed,distance,vehicles,costs,tts,weighted_load,positive_height_diff,total_fuel,driver_pay
5,14.14336112892035,870557.6620533199,1,540.979132821332,0.56258225440979,317962597.313664,181.53213916627095,61.694795914465566,433.0132399710172
5,12.583991887053283,1122202.452803979,2,776.2667671791542,0.7848372459411621,333617313.6165921,398.79276844778457,51.701744826599146,685.7887137326056
5,11.900896226967966,1275849.7627650048,2,844.7037244199493,0.8279240131378174,386484414.9013411,159.63853127497603,54.990756817623854,748.4698999891075
5,13.56563092744698,1544583.4089343273,2,935.3707070557289,0.8093492984771729,478386420.68431777,222.24088277662742,81.70116311658182,792.3936716017107
5,12.607813180136331,1570629.080092057,2,994.5634993380878,0.8611376285552979,473590558.7656749,331.0730930812655,72.39183567101234,867.8777869138162
5,11.226851851851851,1070864.736075122,2,792.2926769096433,1.1404187679290771,328178516.03579473,224.8029553646691,42.85094553511126,717.3035222231986
5,11.226851851851851,1048086.8732097032,2,724.4908623759752,0.6530337333679199,311742795.371352,420.74379266017274,41.26429841631164,652.2783401474298
5,12.014020172237169,1165711.1629976202,2,769.1162813850455,1.1924126148223877,358054932.01301396,181.2189133088374,52.41896512499035,677.3830924163124
